"Repo","Skill","Status","Source","Dest"
"AI-Trader","ai-trader","installed","skills/ai4trade/SKILL.md","C:\Users\lixue\.codex\skills\ai-trader"
"AI-Trader","ai-trader-copytrade","installed","skills/copytrade/SKILL.md","C:\Users\lixue\.codex\skills\ai-trader-copytrade"
"AI-Trader","ai-trader-heartbeat","installed","skills/heartbeat/SKILL.md","C:\Users\lixue\.codex\skills\ai-trader-heartbeat"
"AI-Trader","market-intel","installed","skills/market-intel/SKILL.md","C:\Users\lixue\.codex\skills\market-intel"
"AI-Trader","polymarket-public-data","installed","skills/polymarket/SKILL.md","C:\Users\lixue\.codex\skills\polymarket-public-data"
"AI-Trader","ai-trader-tradesync","installed","skills/tradesync/SKILL.md","C:\Users\lixue\.codex\skills\ai-trader-tradesync"
"scientific-agent-skills","adaptyv","installed","skills/adaptyv/SKILL.md","C:\Users\lixue\.codex\skills\adaptyv"
"scientific-agent-skills","aeon","installed","skills/aeon/SKILL.md","C:\Users\lixue\.codex\skills\aeon"
"scientific-agent-skills","anndata","installed","skills/anndata/SKILL.md","C:\Users\lixue\.codex\skills\anndata"
"scientific-agent-skills","arbor","installed","skills/arbor/SKILL.md","C:\Users\lixue\.codex\skills\arbor"
"scientific-agent-skills","arboreto","installed","skills/arboreto/SKILL.md","C:\Users\lixue\.codex\skills\arboreto"
"scientific-agent-skills","astropy","installed","skills/astropy/SKILL.md","C:\Users\lixue\.codex\skills\astropy"
"scientific-agent-skills","autoskill","installed","skills/autoskill/SKILL.md","C:\Users\lixue\.codex\skills\autoskill"
"scientific-agent-skills","benchling-integration","installed","skills/benchling-integration/SKILL.md","C:\Users\lixue\.codex\skills\benchling-integration"
"scientific-agent-skills","bgpt-paper-search","installed","skills/bgpt-paper-search/SKILL.md","C:\Users\lixue\.codex\skills\bgpt-paper-search"
"scientific-agent-skills","bids","installed","skills/bids/SKILL.md","C:\Users\lixue\.codex\skills\bids"
"scientific-agent-skills","biopython","installed","skills/biopython/SKILL.md","C:\Users\lixue\.codex\skills\biopython"
"scientific-agent-skills","bioservices","installed","skills/bioservices/SKILL.md","C:\Users\lixue\.codex\skills\bioservices"
"scientific-agent-skills","bulk-rnaseq","installed","skills/bulk-rnaseq/SKILL.md","C:\Users\lixue\.codex\skills\bulk-rnaseq"
"scientific-agent-skills","cellxgene-census","installed","skills/cellxgene-census/SKILL.md","C:\Users\lixue\.codex\skills\cellxgene-census"
"scientific-agent-skills","cirq","installed","skills/cirq/SKILL.md","C:\Users\lixue\.codex\skills\cirq"
"scientific-agent-skills","citation-management","installed","skills/citation-management/SKILL.md","C:\Users\lixue\.codex\skills\citation-management"
"scientific-agent-skills","clinical-decision-support","installed","skills/clinical-decision-support/SKILL.md","C:\Users\lixue\.codex\skills\clinical-decision-support"
"scientific-agent-skills","clinical-reports","installed","skills/clinical-reports/SKILL.md","C:\Users\lixue\.codex\skills\clinical-reports"
"scientific-agent-skills","cobrapy","installed","skills/cobrapy/SKILL.md","C:\Users\lixue\.codex\skills\cobrapy"
"scientific-agent-skills","consciousness-council","installed","skills/consciousness-council/SKILL.md","C:\Users\lixue\.codex\skills\consciousness-council"
"scientific-agent-skills","dask","installed","skills/dask/SKILL.md","C:\Users\lixue\.codex\skills\dask"
"scientific-agent-skills","database-lookup","installed","skills/database-lookup/SKILL.md","C:\Users\lixue\.codex\skills\database-lookup"
"scientific-agent-skills","datamol","installed","skills/datamol/SKILL.md","C:\Users\lixue\.codex\skills\datamol"
"scientific-agent-skills","deepchem","installed","skills/deepchem/SKILL.md","C:\Users\lixue\.codex\skills\deepchem"
"scientific-agent-skills","deeptools","installed","skills/deeptools/SKILL.md","C:\Users\lixue\.codex\skills\deeptools"
"scientific-agent-skills","depmap","installed","skills/depmap/SKILL.md","C:\Users\lixue\.codex\skills\depmap"
"scientific-agent-skills","dhdna-profiler","installed","skills/dhdna-profiler/SKILL.md","C:\Users\lixue\.codex\skills\dhdna-profiler"
"scientific-agent-skills","diffdock","installed","skills/diffdock/SKILL.md","C:\Users\lixue\.codex\skills\diffdock"
"scientific-agent-skills","dnanexus-integration","installed","skills/dnanexus-integration/SKILL.md","C:\Users\lixue\.codex\skills\dnanexus-integration"
"scientific-agent-skills","docx","installed","skills/docx/SKILL.md","C:\Users\lixue\.codex\skills\docx"
"scientific-agent-skills","esm","installed","skills/esm/SKILL.md","C:\Users\lixue\.codex\skills\esm"
"scientific-agent-skills","etetoolkit","installed","skills/etetoolkit/SKILL.md","C:\Users\lixue\.codex\skills\etetoolkit"
"scientific-agent-skills","exa-search","installed","skills/exa-search/SKILL.md","C:\Users\lixue\.codex\skills\exa-search"
"scientific-agent-skills","experimental-design","installed","skills/experimental-design/SKILL.md","C:\Users\lixue\.codex\skills\experimental-design"
"scientific-agent-skills","exploratory-data-analysis","installed","skills/exploratory-data-analysis/SKILL.md","C:\Users\lixue\.codex\skills\exploratory-data-analysis"
"scientific-agent-skills","flowio","installed","skills/flowio/SKILL.md","C:\Users\lixue\.codex\skills\flowio"
"scientific-agent-skills","fluidsim","installed","skills/fluidsim/SKILL.md","C:\Users\lixue\.codex\skills\fluidsim"
"scientific-agent-skills","generate-image","installed","skills/generate-image/SKILL.md","C:\Users\lixue\.codex\skills\generate-image"
"scientific-agent-skills","geniml","installed","skills/geniml/SKILL.md","C:\Users\lixue\.codex\skills\geniml"
"scientific-agent-skills","geomaster","installed","skills/geomaster/SKILL.md","C:\Users\lixue\.codex\skills\geomaster"
"scientific-agent-skills","geopandas","installed","skills/geopandas/SKILL.md","C:\Users\lixue\.codex\skills\geopandas"
"scientific-agent-skills","get-available-resources","installed","skills/get-available-resources/SKILL.md","C:\Users\lixue\.codex\skills\get-available-resources"
"scientific-agent-skills","gget","installed","skills/gget/SKILL.md","C:\Users\lixue\.codex\skills\gget"
"scientific-agent-skills","ginkgo-cloud-lab","installed","skills/ginkgo-cloud-lab/SKILL.md","C:\Users\lixue\.codex\skills\ginkgo-cloud-lab"
"scientific-agent-skills","glycoengineering","installed","skills/glycoengineering/SKILL.md","C:\Users\lixue\.codex\skills\glycoengineering"
"scientific-agent-skills","gtars","installed","skills/gtars/SKILL.md","C:\Users\lixue\.codex\skills\gtars"
"scientific-agent-skills","histolab","installed","skills/histolab/SKILL.md","C:\Users\lixue\.codex\skills\histolab"
"scientific-agent-skills","hugging-science","installed","skills/hugging-science/SKILL.md","C:\Users\lixue\.codex\skills\hugging-science"
"scientific-agent-skills","hypogenic","installed","skills/hypogenic/SKILL.md","C:\Users\lixue\.codex\skills\hypogenic"
"scientific-agent-skills","hypothesis-generation","installed","skills/hypothesis-generation/SKILL.md","C:\Users\lixue\.codex\skills\hypothesis-generation"
"scientific-agent-skills","imaging-data-commons","installed","skills/imaging-data-commons/SKILL.md","C:\Users\lixue\.codex\skills\imaging-data-commons"
"scientific-agent-skills","infographics","installed","skills/infographics/SKILL.md","C:\Users\lixue\.codex\skills\infographics"
"scientific-agent-skills","iso-13485-certification","installed","skills/iso-13485-certification/SKILL.md","C:\Users\lixue\.codex\skills\iso-13485-certification"
"scientific-agent-skills","labarchive-integration","installed","skills/labarchive-integration/SKILL.md","C:\Users\lixue\.codex\skills\labarchive-integration"
"scientific-agent-skills","lamindb","installed","skills/lamindb/SKILL.md","C:\Users\lixue\.codex\skills\lamindb"
"scientific-agent-skills","latchbio-integration","installed","skills/latchbio-integration/SKILL.md","C:\Users\lixue\.codex\skills\latchbio-integration"
"scientific-agent-skills","latex-posters","installed","skills/latex-posters/SKILL.md","C:\Users\lixue\.codex\skills\latex-posters"
"scientific-agent-skills","liteparse","installed","skills/liteparse/SKILL.md","C:\Users\lixue\.codex\skills\liteparse"
"scientific-agent-skills","literature-review","installed","skills/literature-review/SKILL.md","C:\Users\lixue\.codex\skills\literature-review"
"scientific-agent-skills","markdown-mermaid-writing","installed","skills/markdown-mermaid-writing/SKILL.md","C:\Users\lixue\.codex\skills\markdown-mermaid-writing"
"scientific-agent-skills","market-research-reports","installed","skills/market-research-reports/SKILL.md","C:\Users\lixue\.codex\skills\market-research-reports"
"scientific-agent-skills","markitdown","installed","skills/markitdown/SKILL.md","C:\Users\lixue\.codex\skills\markitdown"
"scientific-agent-skills","matchms","installed","skills/matchms/SKILL.md","C:\Users\lixue\.codex\skills\matchms"
"scientific-agent-skills","matlab","installed","skills/matlab/SKILL.md","C:\Users\lixue\.codex\skills\matlab"
"scientific-agent-skills","matplotlib","installed","skills/matplotlib/SKILL.md","C:\Users\lixue\.codex\skills\matplotlib"
"scientific-agent-skills","medchem","installed","skills/medchem/SKILL.md","C:\Users\lixue\.codex\skills\medchem"
"scientific-agent-skills","modal","installed","skills/modal/SKILL.md","C:\Users\lixue\.codex\skills\modal"
"scientific-agent-skills","molecular-dynamics","installed","skills/molecular-dynamics/SKILL.md","C:\Users\lixue\.codex\skills\molecular-dynamics"
"scientific-agent-skills","molfeat","installed","skills/molfeat/SKILL.md","C:\Users\lixue\.codex\skills\molfeat"
"scientific-agent-skills","networkx","installed","skills/networkx/SKILL.md","C:\Users\lixue\.codex\skills\networkx"
"scientific-agent-skills","neurokit2","installed","skills/neurokit2/SKILL.md","C:\Users\lixue\.codex\skills\neurokit2"
"scientific-agent-skills","neuropixels-analysis","installed","skills/neuropixels-analysis/SKILL.md","C:\Users\lixue\.codex\skills\neuropixels-analysis"
"scientific-agent-skills","nextflow","installed","skills/nextflow/SKILL.md","C:\Users\lixue\.codex\skills\nextflow"
"scientific-agent-skills","omero-integration","installed","skills/omero-integration/SKILL.md","C:\Users\lixue\.codex\skills\omero-integration"
"scientific-agent-skills","open-notebook","installed","skills/open-notebook/SKILL.md","C:\Users\lixue\.codex\skills\open-notebook"
"scientific-agent-skills","opentrons-integration","installed","skills/opentrons-integration/SKILL.md","C:\Users\lixue\.codex\skills\opentrons-integration"
"scientific-agent-skills","optimize-for-gpu","installed","skills/optimize-for-gpu/SKILL.md","C:\Users\lixue\.codex\skills\optimize-for-gpu"
"scientific-agent-skills","pacsomatic","installed","skills/pacsomatic/SKILL.md","C:\Users\lixue\.codex\skills\pacsomatic"
"scientific-agent-skills","paper-lookup","installed","skills/paper-lookup/SKILL.md","C:\Users\lixue\.codex\skills\paper-lookup"
"scientific-agent-skills","paperzilla","installed","skills/paperzilla/SKILL.md","C:\Users\lixue\.codex\skills\paperzilla"
"scientific-agent-skills","parallel-web","installed","skills/parallel-web/SKILL.md","C:\Users\lixue\.codex\skills\parallel-web"
"scientific-agent-skills","pathml","installed","skills/pathml/SKILL.md","C:\Users\lixue\.codex\skills\pathml"
"scientific-agent-skills","pathway-enrichment","installed","skills/pathway-enrichment/SKILL.md","C:\Users\lixue\.codex\skills\pathway-enrichment"
"scientific-agent-skills","pdf","installed","skills/pdf/SKILL.md","C:\Users\lixue\.codex\skills\pdf"
"scientific-agent-skills","peer-review","installed","skills/peer-review/SKILL.md","C:\Users\lixue\.codex\skills\peer-review"
"scientific-agent-skills","pennylane","installed","skills/pennylane/SKILL.md","C:\Users\lixue\.codex\skills\pennylane"
"scientific-agent-skills","phylogenetics","installed","skills/phylogenetics/SKILL.md","C:\Users\lixue\.codex\skills\phylogenetics"
"scientific-agent-skills","pi-agent","installed","skills/pi-agent/SKILL.md","C:\Users\lixue\.codex\skills\pi-agent"
"scientific-agent-skills","polars-bio","installed","skills/polars-bio/SKILL.md","C:\Users\lixue\.codex\skills\polars-bio"
"scientific-agent-skills","polars","installed","skills/polars/SKILL.md","C:\Users\lixue\.codex\skills\polars"
"scientific-agent-skills","pptx-posters","installed","skills/pptx-posters/SKILL.md","C:\Users\lixue\.codex\skills\pptx-posters"
"scientific-agent-skills","pptx","installed","skills/pptx/SKILL.md","C:\Users\lixue\.codex\skills\pptx"
"scientific-agent-skills","primekg","installed","skills/primekg/SKILL.md","C:\Users\lixue\.codex\skills\primekg"
"scientific-agent-skills","protocolsio-integration","installed","skills/protocolsio-integration/SKILL.md","C:\Users\lixue\.codex\skills\protocolsio-integration"
"scientific-agent-skills","pufferlib","installed","skills/pufferlib/SKILL.md","C:\Users\lixue\.codex\skills\pufferlib"
"scientific-agent-skills","pydeseq2","installed","skills/pydeseq2/SKILL.md","C:\Users\lixue\.codex\skills\pydeseq2"
"scientific-agent-skills","pydicom","installed","skills/pydicom/SKILL.md","C:\Users\lixue\.codex\skills\pydicom"
"scientific-agent-skills","pyhealth","installed","skills/pyhealth/SKILL.md","C:\Users\lixue\.codex\skills\pyhealth"
"scientific-agent-skills","pylabrobot","installed","skills/pylabrobot/SKILL.md","C:\Users\lixue\.codex\skills\pylabrobot"
"scientific-agent-skills","pymatgen","installed","skills/pymatgen/SKILL.md","C:\Users\lixue\.codex\skills\pymatgen"
"scientific-agent-skills","pymc","installed","skills/pymc/SKILL.md","C:\Users\lixue\.codex\skills\pymc"
"scientific-agent-skills","pymoo","installed","skills/pymoo/SKILL.md","C:\Users\lixue\.codex\skills\pymoo"
"scientific-agent-skills","pyopenms","installed","skills/pyopenms/SKILL.md","C:\Users\lixue\.codex\skills\pyopenms"
"scientific-agent-skills","pysam","installed","skills/pysam/SKILL.md","C:\Users\lixue\.codex\skills\pysam"
"scientific-agent-skills","pytdc","installed","skills/pytdc/SKILL.md","C:\Users\lixue\.codex\skills\pytdc"
"scientific-agent-skills","pytorch-lightning","installed","skills/pytorch-lightning/SKILL.md","C:\Users\lixue\.codex\skills\pytorch-lightning"
"scientific-agent-skills","pyzotero","installed","skills/pyzotero/SKILL.md","C:\Users\lixue\.codex\skills\pyzotero"
"scientific-agent-skills","qiskit","installed","skills/qiskit/SKILL.md","C:\Users\lixue\.codex\skills\qiskit"
"scientific-agent-skills","qutip","installed","skills/qutip/SKILL.md","C:\Users\lixue\.codex\skills\qutip"
"scientific-agent-skills","rdkit","installed","skills/rdkit/SKILL.md","C:\Users\lixue\.codex\skills\rdkit"
"scientific-agent-skills","research-grants","installed","skills/research-grants/SKILL.md","C:\Users\lixue\.codex\skills\research-grants"
"scientific-agent-skills","research-lookup","installed","skills/research-lookup/SKILL.md","C:\Users\lixue\.codex\skills\research-lookup"
"scientific-agent-skills","rowan","installed","skills/rowan/SKILL.md","C:\Users\lixue\.codex\skills\rowan"
"scientific-agent-skills","scanpy","installed","skills/scanpy/SKILL.md","C:\Users\lixue\.codex\skills\scanpy"
"scientific-agent-skills","scholar-evaluation","installed","skills/scholar-evaluation/SKILL.md","C:\Users\lixue\.codex\skills\scholar-evaluation"
"scientific-agent-skills","scientific-brainstorming","installed","skills/scientific-brainstorming/SKILL.md","C:\Users\lixue\.codex\skills\scientific-brainstorming"
"scientific-agent-skills","scientific-critical-thinking","installed","skills/scientific-critical-thinking/SKILL.md","C:\Users\lixue\.codex\skills\scientific-critical-thinking"
"scientific-agent-skills","scientific-schematics","installed","skills/scientific-schematics/SKILL.md","C:\Users\lixue\.codex\skills\scientific-schematics"
"scientific-agent-skills","scientific-slides","installed","skills/scientific-slides/SKILL.md","C:\Users\lixue\.codex\skills\scientific-slides"
"scientific-agent-skills","scientific-visualization","installed","skills/scientific-visualization/SKILL.md","C:\Users\lixue\.codex\skills\scientific-visualization"
"scientific-agent-skills","scientific-writing","installed","skills/scientific-writing/SKILL.md","C:\Users\lixue\.codex\skills\scientific-writing"
"scientific-agent-skills","scikit-bio","installed","skills/scikit-bio/SKILL.md","C:\Users\lixue\.codex\skills\scikit-bio"
"scientific-agent-skills","scikit-learn","installed","skills/scikit-learn/SKILL.md","C:\Users\lixue\.codex\skills\scikit-learn"
"scientific-agent-skills","scikit-survival","installed","skills/scikit-survival/SKILL.md","C:\Users\lixue\.codex\skills\scikit-survival"
"scientific-agent-skills","scvelo","installed","skills/scvelo/SKILL.md","C:\Users\lixue\.codex\skills\scvelo"
"scientific-agent-skills","scvi-tools","installed","skills/scvi-tools/SKILL.md","C:\Users\lixue\.codex\skills\scvi-tools"
"scientific-agent-skills","seaborn","installed","skills/seaborn/SKILL.md","C:\Users\lixue\.codex\skills\seaborn"
"scientific-agent-skills","shap","installed","skills/shap/SKILL.md","C:\Users\lixue\.codex\skills\shap"
"scientific-agent-skills","simpy","installed","skills/simpy/SKILL.md","C:\Users\lixue\.codex\skills\simpy"
"scientific-agent-skills","stable-baselines3","installed","skills/stable-baselines3/SKILL.md","C:\Users\lixue\.codex\skills\stable-baselines3"
"scientific-agent-skills","statistical-analysis","installed","skills/statistical-analysis/SKILL.md","C:\Users\lixue\.codex\skills\statistical-analysis"
"scientific-agent-skills","statistical-power","installed","skills/statistical-power/SKILL.md","C:\Users\lixue\.codex\skills\statistical-power"
"scientific-agent-skills","statsmodels","installed","skills/statsmodels/SKILL.md","C:\Users\lixue\.codex\skills\statsmodels"
"scientific-agent-skills","sympy","installed","skills/sympy/SKILL.md","C:\Users\lixue\.codex\skills\sympy"
"scientific-agent-skills","tiledbvcf","installed","skills/tiledbvcf/SKILL.md","C:\Users\lixue\.codex\skills\tiledbvcf"
"scientific-agent-skills","timesfm-forecasting","installed","skills/timesfm-forecasting/SKILL.md","C:\Users\lixue\.codex\skills\timesfm-forecasting"
"scientific-agent-skills","torch-geometric","installed","skills/torch-geometric/SKILL.md","C:\Users\lixue\.codex\skills\torch-geometric"
"scientific-agent-skills","torchdrug","installed","skills/torchdrug/SKILL.md","C:\Users\lixue\.codex\skills\torchdrug"
"scientific-agent-skills","transformers","installed","skills/transformers/SKILL.md","C:\Users\lixue\.codex\skills\transformers"
"scientific-agent-skills","treatment-plans","installed","skills/treatment-plans/SKILL.md","C:\Users\lixue\.codex\skills\treatment-plans"
"scientific-agent-skills","umap-learn","installed","skills/umap-learn/SKILL.md","C:\Users\lixue\.codex\skills\umap-learn"
"scientific-agent-skills","usfiscaldata","installed","skills/usfiscaldata/SKILL.md","C:\Users\lixue\.codex\skills\usfiscaldata"
"scientific-agent-skills","vaex","installed","skills/vaex/SKILL.md","C:\Users\lixue\.codex\skills\vaex"
"scientific-agent-skills","venue-templates","installed","skills/venue-templates/SKILL.md","C:\Users\lixue\.codex\skills\venue-templates"
"scientific-agent-skills","what-if-oracle","installed","skills/what-if-oracle/SKILL.md","C:\Users\lixue\.codex\skills\what-if-oracle"
"scientific-agent-skills","xlsx","installed","skills/xlsx/SKILL.md","C:\Users\lixue\.codex\skills\xlsx"
"scientific-agent-skills","zarr-python","installed","skills/zarr-python/SKILL.md","C:\Users\lixue\.codex\skills\zarr-python"
"daily_stock_analysis","analyze-issue","installed",".claude/skills/analyze-issue/SKILL.md","C:\Users\lixue\.codex\skills\analyze-issue"
"daily_stock_analysis","analyze-pr","installed",".claude/skills/analyze-pr/SKILL.md","C:\Users\lixue\.codex\skills\analyze-pr"
"daily_stock_analysis","fix-issue","installed",".claude/skills/fix-issue/SKILL.md","C:\Users\lixue\.codex\skills\fix-issue"
"daily_stock_analysis","stock-analyzer","installed","SKILL.md","C:\Users\lixue\.codex\skills\stock-analyzer"
"QuantDinger","quantdinger-agent-workflow","installed",".cursor/skills/quantdinger-agent-workflow/SKILL.md","C:\Users\lixue\.codex\skills\quantdinger-agent-workflow"
"Vibe-Trading","vibe-trading","installed","agent/SKILL.md","C:\Users\lixue\.codex\skills\vibe-trading"
"Vibe-Trading","adr-hshare","installed","agent/src/skills/adr-hshare/SKILL.md","C:\Users\lixue\.codex\skills\adr-hshare"
"Vibe-Trading","akshare","installed","agent/src/skills/akshare/SKILL.md","C:\Users\lixue\.codex\skills\akshare"
"Vibe-Trading","alpha-zoo","installed","agent/src/skills/alpha-zoo/SKILL.md","C:\Users\lixue\.codex\skills\alpha-zoo"
"Vibe-Trading","ashare-pre-st-filter","installed","agent/src/skills/ashare-pre-st-filter/SKILL.md","C:\Users\lixue\.codex\skills\ashare-pre-st-filter"
"Vibe-Trading","asset-allocation","installed","agent/src/skills/asset-allocation/SKILL.md","C:\Users\lixue\.codex\skills\asset-allocation"
"Vibe-Trading","backtest-diagnose","installed","agent/src/skills/backtest-diagnose/SKILL.md","C:\Users\lixue\.codex\skills\backtest-diagnose"
"Vibe-Trading","behavioral-finance","installed","agent/src/skills/behavioral-finance/SKILL.md","C:\Users\lixue\.codex\skills\behavioral-finance"
"Vibe-Trading","candlestick","installed","agent/src/skills/candlestick/SKILL.md","C:\Users\lixue\.codex\skills\candlestick"
"Vibe-Trading","ccxt","installed","agent/src/skills/ccxt/SKILL.md","C:\Users\lixue\.codex\skills\ccxt"
"Vibe-Trading","chanlun","installed","agent/src/skills/chanlun/SKILL.md","C:\Users\lixue\.codex\skills\chanlun"
"Vibe-Trading","commodity-analysis","installed","agent/src/skills/commodity-analysis/SKILL.md","C:\Users\lixue\.codex\skills\commodity-analysis"
"Vibe-Trading","convertible-bond","installed","agent/src/skills/convertible-bond/SKILL.md","C:\Users\lixue\.codex\skills\convertible-bond"
"Vibe-Trading","corporate-events","installed","agent/src/skills/corporate-events/SKILL.md","C:\Users\lixue\.codex\skills\corporate-events"
"Vibe-Trading","correlation-analysis","installed","agent/src/skills/correlation-analysis/SKILL.md","C:\Users\lixue\.codex\skills\correlation-analysis"
"Vibe-Trading","credit-analysis","installed","agent/src/skills/credit-analysis/SKILL.md","C:\Users\lixue\.codex\skills\credit-analysis"
"Vibe-Trading","cross-market-strategy","installed","agent/src/skills/cross-market-strategy/SKILL.md","C:\Users\lixue\.codex\skills\cross-market-strategy"
"Vibe-Trading","crypto-derivatives","installed","agent/src/skills/crypto-derivatives/SKILL.md","C:\Users\lixue\.codex\skills\crypto-derivatives"
"Vibe-Trading","data-routing","installed","agent/src/skills/data-routing/SKILL.md","C:\Users\lixue\.codex\skills\data-routing"
"Vibe-Trading","defi-yield","installed","agent/src/skills/defi-yield/SKILL.md","C:\Users\lixue\.codex\skills\defi-yield"
"Vibe-Trading","dividend-analysis","installed","agent/src/skills/dividend-analysis/SKILL.md","C:\Users\lixue\.codex\skills\dividend-analysis"
"Vibe-Trading","doc-reader","installed","agent/src/skills/doc-reader/SKILL.md","C:\Users\lixue\.codex\skills\doc-reader"
"Vibe-Trading","earnings-forecast","installed","agent/src/skills/earnings-forecast/SKILL.md","C:\Users\lixue\.codex\skills\earnings-forecast"
"Vibe-Trading","earnings-revision","installed","agent/src/skills/earnings-revision/SKILL.md","C:\Users\lixue\.codex\skills\earnings-revision"
"Vibe-Trading","edgar-sec-filings","installed","agent/src/skills/edgar-sec-filings/SKILL.md","C:\Users\lixue\.codex\skills\edgar-sec-filings"
"Vibe-Trading","elliott-wave","installed","agent/src/skills/elliott-wave/SKILL.md","C:\Users\lixue\.codex\skills\elliott-wave"
"Vibe-Trading","etf-analysis","installed","agent/src/skills/etf-analysis/SKILL.md","C:\Users\lixue\.codex\skills\etf-analysis"
"Vibe-Trading","event-driven","installed","agent/src/skills/event-driven/SKILL.md","C:\Users\lixue\.codex\skills\event-driven"
"Vibe-Trading","execution-model","installed","agent/src/skills/execution-model/SKILL.md","C:\Users\lixue\.codex\skills\execution-model"
"Vibe-Trading","factor-research","installed","agent/src/skills/factor-research/SKILL.md","C:\Users\lixue\.codex\skills\factor-research"
"Vibe-Trading","financial-statement","installed","agent/src/skills/financial-statement/SKILL.md","C:\Users\lixue\.codex\skills\financial-statement"
"Vibe-Trading","fund-analysis","installed","agent/src/skills/fund-analysis/SKILL.md","C:\Users\lixue\.codex\skills\fund-analysis"
"Vibe-Trading","fundamental-filter","installed","agent/src/skills/fundamental-filter/SKILL.md","C:\Users\lixue\.codex\skills\fundamental-filter"
"Vibe-Trading","geopolitical-risk","installed","agent/src/skills/geopolitical-risk/SKILL.md","C:\Users\lixue\.codex\skills\geopolitical-risk"
"Vibe-Trading","global-macro","installed","agent/src/skills/global-macro/SKILL.md","C:\Users\lixue\.codex\skills\global-macro"
"Vibe-Trading","harmonic","installed","agent/src/skills/harmonic/SKILL.md","C:\Users\lixue\.codex\skills\harmonic"
"Vibe-Trading","hedging-strategy","installed","agent/src/skills/hedging-strategy/SKILL.md","C:\Users\lixue\.codex\skills\hedging-strategy"
"Vibe-Trading","hk-connect-flow","installed","agent/src/skills/hk-connect-flow/SKILL.md","C:\Users\lixue\.codex\skills\hk-connect-flow"
"Vibe-Trading","ichimoku","installed","agent/src/skills/ichimoku/SKILL.md","C:\Users\lixue\.codex\skills\ichimoku"
"Vibe-Trading","liquidation-heatmap","installed","agent/src/skills/liquidation-heatmap/SKILL.md","C:\Users\lixue\.codex\skills\liquidation-heatmap"
"Vibe-Trading","macro-analysis","installed","agent/src/skills/macro-analysis/SKILL.md","C:\Users\lixue\.codex\skills\macro-analysis"
"Vibe-Trading","market-microstructure","installed","agent/src/skills/market-microstructure/SKILL.md","C:\Users\lixue\.codex\skills\market-microstructure"
"Vibe-Trading","minute-analysis","installed","agent/src/skills/minute-analysis/SKILL.md","C:\Users\lixue\.codex\skills\minute-analysis"
"Vibe-Trading","ml-strategy","installed","agent/src/skills/ml-strategy/SKILL.md","C:\Users\lixue\.codex\skills\ml-strategy"
"Vibe-Trading","mootdx","installed","agent/src/skills/mootdx/SKILL.md","C:\Users\lixue\.codex\skills\mootdx"
"Vibe-Trading","multi-factor","installed","agent/src/skills/multi-factor/SKILL.md","C:\Users\lixue\.codex\skills\multi-factor"
"Vibe-Trading","okx-market","installed","agent/src/skills/okx-market/SKILL.md","C:\Users\lixue\.codex\skills\okx-market"
"Vibe-Trading","onchain-analysis","installed","agent/src/skills/onchain-analysis/SKILL.md","C:\Users\lixue\.codex\skills\onchain-analysis"
"Vibe-Trading","options-advanced","installed","agent/src/skills/options-advanced/SKILL.md","C:\Users\lixue\.codex\skills\options-advanced"
"Vibe-Trading","options-payoff","installed","agent/src/skills/options-payoff/SKILL.md","C:\Users\lixue\.codex\skills\options-payoff"
"Vibe-Trading","options-strategy","installed","agent/src/skills/options-strategy/SKILL.md","C:\Users\lixue\.codex\skills\options-strategy"
"Vibe-Trading","pair-trading","installed","agent/src/skills/pair-trading/SKILL.md","C:\Users\lixue\.codex\skills\pair-trading"
"Vibe-Trading","performance-attribution","installed","agent/src/skills/performance-attribution/SKILL.md","C:\Users\lixue\.codex\skills\performance-attribution"
"Vibe-Trading","perp-funding-basis","installed","agent/src/skills/perp-funding-basis/SKILL.md","C:\Users\lixue\.codex\skills\perp-funding-basis"
"Vibe-Trading","pine-script","installed","agent/src/skills/pine-script/SKILL.md","C:\Users\lixue\.codex\skills\pine-script"
"Vibe-Trading","quant-statistics","installed","agent/src/skills/quant-statistics/SKILL.md","C:\Users\lixue\.codex\skills\quant-statistics"
"Vibe-Trading","regulatory-knowledge","installed","agent/src/skills/regulatory-knowledge/SKILL.md","C:\Users\lixue\.codex\skills\regulatory-knowledge"
"Vibe-Trading","report-generate","installed","agent/src/skills/report-generate/SKILL.md","C:\Users\lixue\.codex\skills\report-generate"
"Vibe-Trading","research-goal","installed","agent/src/skills/research-goal/SKILL.md","C:\Users\lixue\.codex\skills\research-goal"
"Vibe-Trading","risk-analysis","installed","agent/src/skills/risk-analysis/SKILL.md","C:\Users\lixue\.codex\skills\risk-analysis"
"Vibe-Trading","seasonal","installed","agent/src/skills/seasonal/SKILL.md","C:\Users\lixue\.codex\skills\seasonal"
"Vibe-Trading","sector-rotation","installed","agent/src/skills/sector-rotation/SKILL.md","C:\Users\lixue\.codex\skills\sector-rotation"
"Vibe-Trading","sentiment-analysis","installed","agent/src/skills/sentiment-analysis/SKILL.md","C:\Users\lixue\.codex\skills\sentiment-analysis"
"Vibe-Trading","shadow-account","installed","agent/src/skills/shadow-account/SKILL.md","C:\Users\lixue\.codex\skills\shadow-account"
"Vibe-Trading","smc","installed","agent/src/skills/smc/SKILL.md","C:\Users\lixue\.codex\skills\smc"
"Vibe-Trading","social-media-intelligence","installed","agent/src/skills/social-media-intelligence/SKILL.md","C:\Users\lixue\.codex\skills\social-media-intelligence"
"Vibe-Trading","stablecoin-flow","installed","agent/src/skills/stablecoin-flow/SKILL.md","C:\Users\lixue\.codex\skills\stablecoin-flow"
"Vibe-Trading","strategy-generate","installed","agent/src/skills/strategy-generate/SKILL.md","C:\Users\lixue\.codex\skills\strategy-generate"
"Vibe-Trading","technical-basic","installed","agent/src/skills/technical-basic/SKILL.md","C:\Users\lixue\.codex\skills\technical-basic"
"Vibe-Trading","token-unlock-treasury","installed","agent/src/skills/token-unlock-treasury/SKILL.md","C:\Users\lixue\.codex\skills\token-unlock-treasury"
"Vibe-Trading","trade-journal","installed","agent/src/skills/trade-journal/SKILL.md","C:\Users\lixue\.codex\skills\trade-journal"
"Vibe-Trading","tushare","installed","agent/src/skills/tushare/SKILL.md","C:\Users\lixue\.codex\skills\tushare"
"Vibe-Trading","us-etf-flow","installed","agent/src/skills/us-etf-flow/SKILL.md","C:\Users\lixue\.codex\skills\us-etf-flow"
"Vibe-Trading","valuation-model","installed","agent/src/skills/valuation-model/SKILL.md","C:\Users\lixue\.codex\skills\valuation-model"
"Vibe-Trading","vnpy-export","installed","agent/src/skills/vnpy-export/SKILL.md","C:\Users\lixue\.codex\skills\vnpy-export"
"Vibe-Trading","volatility","installed","agent/src/skills/volatility/SKILL.md","C:\Users\lixue\.codex\skills\volatility"
"Vibe-Trading","web-reader","installed","agent/src/skills/web-reader/SKILL.md","C:\Users\lixue\.codex\skills\web-reader"
"Vibe-Trading","yfinance","installed","agent/src/skills/yfinance/SKILL.md","C:\Users\lixue\.codex\skills\yfinance"
"last30days-skill","last30days","installed","skills/last30days/SKILL.md","C:\Users\lixue\.codex\skills\last30days"
